indicator,time_period,value,unit_measure
WB_WDI_NY_GDP_PCAP_CD,1960,450.776317,USD
WB_WDI_NY_GDP_PCAP_CD,1961,371.395176,USD
WB_WDI_NY_GDP_PCAP_CD,1962,312.43541,USD
WB_WDI_NY_GDP_PCAP_CD,1963,364.743594,USD
WB_WDI_NY_GDP_PCAP_CD,1964,435.763463,USD
WB_WDI_NY_GDP_PCAP_CD,1965,450.049783,USD
WB_WDI_NY_GDP_PCAP_CD,1966,444.623112,USD
WB_WDI_NY_GDP_PCAP_CD,1967,453.645286,USD
WB_WDI_NY_GDP_PCAP_CD,1968,445.227989,USD
WB_WDI_NY_GDP_PCAP_CD,1969,520.843985,USD
WB_WDI_NY_GDP_PCAP_CD,1970,465.04032,USD
WB_WDI_NY_GDP_PCAP_CD,1971,434.41588,USD
WB_WDI_NY_GDP_PCAP_CD,1972,487.972047,USD
WB_WDI_NY_GDP_PCAP_CD,1973,578.954931,USD
WB_WDI_NY_GDP_PCAP_CD,1974,953.846558,USD
WB_WDI_NY_GDP_PCAP_CD,1975,1086.176151,USD
WB_WDI_NY_GDP_PCAP_CD,1976,1241.910985,USD
WB_WDI_NY_GDP_PCAP_CD,1977,1464.940584,USD
WB_WDI_NY_GDP_PCAP_CD,1978,1541.137604,USD
WB_WDI_NY_GDP_PCAP_CD,1979,1783.292806,USD
WB_WDI_NY_GDP_PCAP_CD,1980,2189.784177,USD
WB_WDI_NY_GDP_PCAP_CD,1981,2600.571528,USD
WB_WDI_NY_GDP_PCAP_CD,1982,2314.383545,USD
WB_WDI_NY_GDP_PCAP_CD,1983,1940.233932,USD
WB_WDI_NY_GDP_PCAP_CD,1984,1863.682135,USD
WB_WDI_NY_GDP_PCAP_CD,1985,1841.779055,USD
WB_WDI_NY_GDP_PCAP_CD,1986,1604.246981,USD
WB_WDI_NY_GDP_PCAP_CD,1987,1426.016292,USD
WB_WDI_NY_GDP_PCAP_CD,1988,1303.779061,USD
WB_WDI_NY_GDP_PCAP_CD,1989,1356.280456,USD
WB_WDI_NY_GDP_PCAP_CD,1990,1455.007485,USD
WB_WDI_NY_GDP_PCAP_CD,1991,1587.3605,USD
WB_WDI_NY_GDP_PCAP_CD,1992,1655.446132,USD
WB_WDI_NY_GDP_PCAP_CD,1993,1697.888841,USD
WB_WDI_NY_GDP_PCAP_CD,1994,1996.858948,USD
WB_WDI_NY_GDP_PCAP_CD,1995,2108.006982,USD
WB_WDI_NY_GDP_PCAP_CD,1996,2135.847937,USD
WB_WDI_NY_GDP_PCAP_CD,1997,2340.766,USD
WB_WDI_NY_GDP_PCAP_CD,1998,2284.015728,USD
WB_WDI_NY_GDP_PCAP_CD,1999,1575.302347,USD
WB_WDI_NY_GDP_PCAP_CD,2000,1382.234218,USD
WB_WDI_NY_GDP_PCAP_CD,2001,1791.303597,USD
WB_WDI_NY_GDP_PCAP_CD,2002,2059.158554,USD
WB_WDI_NY_GDP_PCAP_CD,2003,2315.622152,USD
WB_WDI_NY_GDP_PCAP_CD,2004,2586.209147,USD
WB_WDI_NY_GDP_PCAP_CD,2005,2909.02606,USD
WB_WDI_NY_GDP_PCAP_CD,2006,3243.670104,USD
WB_WDI_NY_GDP_PCAP_CD,2007,3478.924888,USD
WB_WDI_NY_GDP_PCAP_CD,2008,4194.757507,USD
WB_WDI_NY_GDP_PCAP_CD,2009,4053.363311,USD
WB_WDI_NY_GDP_PCAP_CD,2010,4520.30959,USD
WB_WDI_NY_GDP_PCAP_CD,2011,5153.691642,USD
WB_WDI_NY_GDP_PCAP_CD,2012,5634.083932,USD
WB_WDI_NY_GDP_PCAP_CD,2013,6109.290315,USD
WB_WDI_NY_GDP_PCAP_CD,2014,6405.799793,USD
WB_WDI_NY_GDP_PCAP_CD,2015,5976.159681,USD
WB_WDI_NY_GDP_PCAP_CD,2016,5917.637713,USD
WB_WDI_NY_GDP_PCAP_CD,2017,6233.322448,USD
WB_WDI_NY_GDP_PCAP_CD,2018,6303.918867,USD
WB_WDI_NY_GDP_PCAP_CD,2019,6205.057652,USD
WB_WDI_NY_GDP_PCAP_CD,2020,5463.645153,USD
WB_WDI_NY_GDP_PCAP_CD,2021,6061.323502,USD
WB_WDI_NY_GDP_PCAP_CD,2022,6515.585284,USD
WB_WDI_NY_GDP_PCAP_CD,2023,6737.847484,USD
WB_WDI_NY_GDP_PCAP_CD,2024,6874.70574,USD
WB_WDI_NY_GDP_MKTP_KD_ZG,1961,5.124415,PC_A
WB_WDI_NY_GDP_MKTP_KD_ZG,1962,4.919147,PC_A
WB_WDI_NY_GDP_MKTP_KD_ZG,1963,2.106368,PC_A
WB_WDI_NY_GDP_MKTP_KD_ZG,1964,7.407245,PC_A
WB_WDI_NY_GDP_MKTP_KD_ZG,1965,3.275082,PC_A
WB_WDI_NY_GDP_MKTP_KD_ZG,1966,-0.339526,PC_A
WB_WDI_NY_GDP_MKTP_KD_ZG,1967,4.621074,PC_A
WB_WDI_NY_GDP_MKTP_KD_ZG,1968,1.909438,PC_A
WB_WDI_NY_GDP_MKTP_KD_ZG,1969,4.669238,PC_A
WB_WDI_NY_GDP_MKTP_KD_ZG,1970,6.871929,PC_A
WB_WDI_NY_GDP_MKTP_KD_ZG,1971,6.292606,PC_A
WB_WDI_NY_GDP_MKTP_KD_ZG,1972,5.017641,PC_A
WB_WDI_NY_GDP_MKTP_KD_ZG,1973,13.950682,PC_A
WB_WDI_NY_GDP_MKTP_KD_ZG,1974,11.20851,PC_A
WB_WDI_NY_GDP_MKTP_KD_ZG,1975,10.972154,PC_A
WB_WDI_NY_GDP_MKTP_KD_ZG,1976,7.397188,PC_A
WB_WDI_NY_GDP_MKTP_KD_ZG,1977,1.604842,PC_A
WB_WDI_NY_GDP_MKTP_KD_ZG,1978,5.706825,PC_A
WB_WDI_NY_GDP_MKTP_KD_ZG,1979,3.734048,PC_A
WB_WDI_NY_GDP_MKTP_KD_ZG,1980,3.708683,PC_A
WB_WDI_NY_GDP_MKTP_KD_ZG,1981,5.612864,PC_A
WB_WDI_NY_GDP_MKTP_KD_ZG,1982,0.614845,PC_A
WB_WDI_NY_GDP_MKTP_KD_ZG,1983,-0.336869,PC_A
WB_WDI_NY_GDP_MKTP_KD_ZG,1984,2.625273,PC_A
WB_WDI_NY_GDP_MKTP_KD_ZG,1985,3.935001,PC_A
WB_WDI_NY_GDP_MKTP_KD_ZG,1986,3.464783,PC_A
WB_WDI_NY_GDP_MKTP_KD_ZG,1987,-0.259099,PC_A
WB_WDI_NY_GDP_MKTP_KD_ZG,1988,5.890467,PC_A
WB_WDI_NY_GDP_MKTP_KD_ZG,1989,1.005778,PC_A
WB_WDI_NY_GDP_MKTP_KD_ZG,1990,3.679914,PC_A
WB_WDI_NY_GDP_MKTP_KD_ZG,1991,4.291342,PC_A
WB_WDI_NY_GDP_MKTP_KD_ZG,1992,2.114311,PC_A
WB_WDI_NY_GDP_MKTP_KD_ZG,1993,1.973218,PC_A
WB_WDI_NY_GDP_MKTP_KD_ZG,1994,4.25825,PC_A
WB_WDI_NY_GDP_MKTP_KD_ZG,1995,2.252549,PC_A
WB_WDI_NY_GDP_MKTP_KD_ZG,1996,1.731748,PC_A
WB_WDI_NY_GDP_MKTP_KD_ZG,1997,4.327865,PC_A
WB_WDI_NY_GDP_MKTP_KD_ZG,1998,3.266529,PC_A
WB_WDI_NY_GDP_MKTP_KD_ZG,1999,-4.739386,PC_A
WB_WDI_NY_GDP_MKTP_KD_ZG,2000,1.091802,PC_A
WB_WDI_NY_GDP_MKTP_KD_ZG,2001,4.206272,PC_A
WB_WDI_NY_GDP_MKTP_KD_ZG,2002,4.928095,PC_A
WB_WDI_NY_GDP_MKTP_KD_ZG,2003,2.8845,PC_A
WB_WDI_NY_GDP_MKTP_KD_ZG,2004,6.832397,PC_A
WB_WDI_NY_GDP_MKTP_KD_ZG,2005,5.398622,PC_A
WB_WDI_NY_GDP_MKTP_KD_ZG,2006,4.341132,PC_A
WB_WDI_NY_GDP_MKTP_KD_ZG,2007,1.902429,PC_A
WB_WDI_NY_GDP_MKTP_KD_ZG,2008,6.564921,PC_A
WB_WDI_NY_GDP_MKTP_KD_ZG,2009,1.091013,PC_A
WB_WDI_NY_GDP_MKTP_KD_ZG,2010,4.029138,PC_A
WB_WDI_NY_GDP_MKTP_KD_ZG,2011,8.481477,PC_A
WB_WDI_NY_GDP_MKTP_KD_ZG,2012,5.783212,PC_A
WB_WDI_NY_GDP_MKTP_KD_ZG,2013,7.211237,PC_A
WB_WDI_NY_GDP_MKTP_KD_ZG,2014,4.226065,PC_A
WB_WDI_NY_GDP_MKTP_KD_ZG,2015,0.119692,PC_A
WB_WDI_NY_GDP_MKTP_KD_ZG,2016,-0.687954,PC_A
WB_WDI_NY_GDP_MKTP_KD_ZG,2017,5.970399,PC_A
WB_WDI_NY_GDP_MKTP_KD_ZG,2018,1.044295,PC_A
WB_WDI_NY_GDP_MKTP_KD_ZG,2019,0.165404,PC_A
WB_WDI_NY_GDP_MKTP_KD_ZG,2020,-9.245096,PC_A
WB_WDI_NY_GDP_MKTP_KD_ZG,2021,9.421893,PC_A
WB_WDI_NY_GDP_MKTP_KD_ZG,2022,5.868424,PC_A
WB_WDI_NY_GDP_MKTP_KD_ZG,2023,1.988238,PC_A
WB_WDI_NY_GDP_MKTP_KD_ZG,2024,-2.001255,PC_A
WB_WDI_FP_CPI_TOTL_ZG,1960,1.676599,PC_A
WB_WDI_FP_CPI_TOTL_ZG,1961,3.985621,PC_A
WB_WDI_FP_CPI_TOTL_ZG,1962,2.870885,PC_A
WB_WDI_FP_CPI_TOTL_ZG,1963,5.939509,PC_A
WB_WDI_FP_CPI_TOTL_ZG,1964,4.034205,PC_A
WB_WDI_FP_CPI_TOTL_ZG,1965,3.069071,PC_A
WB_WDI_FP_CPI_TOTL_ZG,1966,5.453727,PC_A
WB_WDI_FP_CPI_TOTL_ZG,1967,3.818138,PC_A
WB_WDI_FP_CPI_TOTL_ZG,1968,4.317656,PC_A
WB_WDI_FP_CPI_TOTL_ZG,1969,6.326681,PC_A
WB_WDI_FP_CPI_TOTL_ZG,1970,5.171276,PC_A
WB_WDI_FP_CPI_TOTL_ZG,1971,9.521671,PC_A
WB_WDI_FP_CPI_TOTL_ZG,1972,7.525118,PC_A
WB_WDI_FP_CPI_TOTL_ZG,1973,12.128146,PC_A
WB_WDI_FP_CPI_TOTL_ZG,1974,22.704082,PC_A
WB_WDI_FP_CPI_TOTL_ZG,1975,14.289674,PC_A
WB_WDI_FP_CPI_TOTL_ZG,1976,10.17463,PC_A
WB_WDI_FP_CPI_TOTL_ZG,1977,12.944414,PC_A
WB_WDI_FP_CPI_TOTL_ZG,1978,13.098139,PC_A
WB_WDI_FP_CPI_TOTL_ZG,1979,10.117191,PC_A
WB_WDI_FP_CPI_TOTL_ZG,1980,11.909289,PC_A
WB_WDI_FP_CPI_TOTL_ZG,1981,14.047969,PC_A
WB_WDI_FP_CPI_TOTL_ZG,1982,16.284488,PC_A
WB_WDI_FP_CPI_TOTL_ZG,1983,48.418222,PC_A
WB_WDI_FP_CPI_TOTL_ZG,1984,31.219582,PC_A
WB_WDI_FP_CPI_TOTL_ZG,1985,27.993611,PC_A
WB_WDI_FP_CPI_TOTL_ZG,1986,23.030226,PC_A
WB_WDI_FP_CPI_TOTL_ZG,1987,29.503997,PC_A
WB_WDI_FP_CPI_TOTL_ZG,1988,58.216287,PC_A
WB_WDI_FP_CPI_TOTL_ZG,1989,75.64819,PC_A
WB_WDI_FP_CPI_TOTL_ZG,1990,48.519113,PC_A
WB_WDI_FP_CPI_TOTL_ZG,1991,48.718081,PC_A
WB_WDI_FP_CPI_TOTL_ZG,1992,54.607822,PC_A
WB_WDI_FP_CPI_TOTL_ZG,1993,44.955054,PC_A
WB_WDI_FP_CPI_TOTL_ZG,1994,27.310882,PC_A
WB_WDI_FP_CPI_TOTL_ZG,1995,22.934134,PC_A
WB_WDI_FP_CPI_TOTL_ZG,1996,24.411459,PC_A
WB_WDI_FP_CPI_TOTL_ZG,1997,30.657568,PC_A
WB_WDI_FP_CPI_TOTL_ZG,1998,36.098433,PC_A
WB_WDI_FP_CPI_TOTL_ZG,1999,52.242005,PC_A
WB_WDI_FP_CPI_TOTL_ZG,2000,96.096376,PC_A
WB_WDI_FP_CPI_TOTL_ZG,2001,37.676745,PC_A
WB_WDI_FP_CPI_TOTL_ZG,2002,12.483598,PC_A
WB_WDI_FP_CPI_TOTL_ZG,2003,7.929365,PC_A
WB_WDI_FP_CPI_TOTL_ZG,2004,2.743232,PC_A
WB_WDI_FP_CPI_TOTL_ZG,2005,2.168277,PC_A
WB_WDI_FP_CPI_TOTL_ZG,2006,3.298748,PC_A
WB_WDI_FP_CPI_TOTL_ZG,2007,2.276185,PC_A
WB_WDI_FP_CPI_TOTL_ZG,2008,8.400096,PC_A
WB_WDI_FP_CPI_TOTL_ZG,2009,5.159968,PC_A
WB_WDI_FP_CPI_TOTL_ZG,2010,3.554377,PC_A
WB_WDI_FP_CPI_TOTL_ZG,2011,4.474533,PC_A
WB_WDI_FP_CPI_TOTL_ZG,2012,5.101722,PC_A
WB_WDI_FP_CPI_TOTL_ZG,2013,2.721776,PC_A
WB_WDI_FP_CPI_TOTL_ZG,2014,3.58922,PC_A
WB_WDI_FP_CPI_TOTL_ZG,2015,3.966646,PC_A
WB_WDI_FP_CPI_TOTL_ZG,2016,1.728265,PC_A
WB_WDI_FP_CPI_TOTL_ZG,2017,0.417336,PC_A
WB_WDI_FP_CPI_TOTL_ZG,2018,-0.224103,PC_A
WB_WDI_FP_CPI_TOTL_ZG,2019,0.266013,PC_A
WB_WDI_FP_CPI_TOTL_ZG,2020,-0.338872,PC_A
WB_WDI_FP_CPI_TOTL_ZG,2021,0.133251,PC_A
WB_WDI_FP_CPI_TOTL_ZG,2022,3.46617,PC_A
WB_WDI_FP_CPI_TOTL_ZG,2023,2.215688,PC_A
WB_WDI_FP_CPI_TOTL_ZG,2024,1.547325,PC_A
WB_WDI_BX_KLT_DINV_WD_GD_ZS,1970,3.095193,PT_GDP
WB_WDI_BX_KLT_DINV_WD_GD_ZS,1971,5.885515,PT_GDP
WB_WDI_BX_KLT_DINV_WD_GD_ZS,1972,2.536106,PT_GDP
WB_WDI_BX_KLT_DINV_WD_GD_ZS,1973,1.343867,PT_GDP
WB_WDI_BX_KLT_DINV_WD_GD_ZS,1974,1.163767,PT_GDP
WB_WDI_BX_KLT_DINV_WD_GD_ZS,1975,1.232592,PT_GDP
WB_WDI_BX_KLT_DINV_WD_GD_ZS,1976,-0.218876,PT_GDP
WB_WDI_BX_KLT_DINV_WD_GD_ZS,1977,0.312887,PT_GDP
WB_WDI_BX_KLT_DINV_WD_GD_ZS,1978,0.407633,PT_GDP
WB_WDI_BX_KLT_DINV_WD_GD_ZS,1979,0.447261,PT_GDP
WB_WDI_BX_KLT_DINV_WD_GD_ZS,1980,0.391466,PT_GDP
WB_WDI_BX_KLT_DINV_WD_GD_ZS,1981,0.275094,PT_GDP
WB_WDI_BX_KLT_DINV_WD_GD_ZS,1982,0.200704,PT_GDP
WB_WDI_BX_KLT_DINV_WD_GD_ZS,1983,0.291503,PT_GDP
WB_WDI_BX_KLT_DINV_WD_GD_ZS,1984,0.295639,PT_GDP
WB_WDI_BX_KLT_DINV_WD_GD_ZS,1985,0.361535,PT_GDP
WB_WDI_BX_KLT_DINV_WD_GD_ZS,1986,0.528923,PT_GDP
WB_WDI_BX_KLT_DINV_WD_GD_ZS,1987,0.88201,PT_GDP
WB_WDI_BX_KLT_DINV_WD_GD_ZS,1988,1.187568,PT_GDP
WB_WDI_BX_KLT_DINV_WD_GD_ZS,1989,1.15184,PT_GDP
WB_WDI_BX_KLT_DINV_WD_GD_ZS,1990,0.826811,PT_GDP
WB_WDI_BX_KLT_DINV_WD_GD_ZS,1991,0.941812,PT_GDP
WB_WDI_BX_KLT_DINV_WD_GD_ZS,1992,0.983739,PT_GDP
WB_WDI_BX_KLT_DINV_WD_GD_ZS,1993,2.501331,PT_GDP
WB_WDI_BX_KLT_DINV_WD_GD_ZS,1994,2.537929,PT_GDP
WB_WDI_BX_KLT_DINV_WD_GD_ZS,1995,1.85193,PT_GDP
WB_WDI_BX_KLT_DINV_WD_GD_ZS,1996,1.980783,PT_GDP
WB_WDI_BX_KLT_DINV_WD_GD_ZS,1997,2.570658,PT_GDP
WB_WDI_BX_KLT_DINV_WD_GD_ZS,1998,3.109082,PT_GDP
WB_WDI_BX_KLT_DINV_WD_GD_ZS,1999,3.30059,PT_GDP
WB_WDI_BX_KLT_DINV_WD_GD_ZS,2000,-0.133638,PT_GDP
WB_WDI_BX_KLT_DINV_WD_GD_ZS,2001,2.328738,PT_GDP
WB_WDI_BX_KLT_DINV_WD_GD_ZS,2002,2.895155,PT_GDP
WB_WDI_BX_KLT_DINV_WD_GD_ZS,2003,2.814492,PT_GDP
WB_WDI_BX_KLT_DINV_WD_GD_ZS,2004,2.378011,PT_GDP
WB_WDI_BX_KLT_DINV_WD_GD_ZS,2005,1.224995,PT_GDP
WB_WDI_BX_KLT_DINV_WD_GD_ZS,2006,0.594056,PT_GDP
WB_WDI_BX_KLT_DINV_WD_GD_ZS,2007,0.388922,PT_GDP
WB_WDI_BX_KLT_DINV_WD_GD_ZS,2008,1.729496,PT_GDP
WB_WDI_BX_KLT_DINV_WD_GD_ZS,2009,0.51357,PT_GDP
WB_WDI_BX_KLT_DINV_WD_GD_ZS,2010,0.243419,PT_GDP
WB_WDI_BX_KLT_DINV_WD_GD_ZS,2011,0.817967,PT_GDP
WB_WDI_BX_KLT_DINV_WD_GD_ZS,2012,0.64674,PT_GDP
WB_WDI_BX_KLT_DINV_WD_GD_ZS,2013,0.752903,PT_GDP
WB_WDI_BX_KLT_DINV_WD_GD_ZS,2014,0.751953,PT_GDP
WB_WDI_BX_KLT_DINV_WD_GD_ZS,2015,1.36067,PT_GDP
WB_WDI_BX_KLT_DINV_WD_GD_ZS,2016,0.784698,PT_GDP
WB_WDI_BX_KLT_DINV_WD_GD_ZS,2017,0.60528,PT_GDP
WB_WDI_BX_KLT_DINV_WD_GD_ZS,2018,1.293429,PT_GDP
WB_WDI_BX_KLT_DINV_WD_GD_ZS,2019,0.915058,PT_GDP
WB_WDI_BX_KLT_DINV_WD_GD_ZS,2020,1.167547,PT_GDP
WB_WDI_BX_KLT_DINV_WD_GD_ZS,2021,0.607511,PT_GDP
WB_WDI_BX_KLT_DINV_WD_GD_ZS,2022,0.759468,PT_GDP
WB_WDI_BX_KLT_DINV_WD_GD_ZS,2023,0.397028,PT_GDP
WB_WDI_BX_KLT_DINV_WD_GD_ZS,2024,0.355365,PT_GDP
WB_WDI_BN_CAB_XOKA_GD_ZS,1976,-0.105588,PT_GDP
WB_WDI_BN_CAB_XOKA_GD_ZS,1977,-3.11436,PT_GDP
WB_WDI_BN_CAB_XOKA_GD_ZS,1978,-5.898932,PT_GDP
WB_WDI_BN_CAB_XOKA_GD_ZS,1979,-4.44651,PT_GDP
WB_WDI_BN_CAB_XOKA_GD_ZS,1980,-3.588008,PT_GDP
WB_WDI_BN_CAB_XOKA_GD_ZS,1981,-4.575723,PT_GDP
WB_WDI_BN_CAB_XOKA_GD_ZS,1982,-5.930803,PT_GDP
WB_WDI_BN_CAB_XOKA_GD_ZS,1983,-0.670457,PT_GDP
WB_WDI_BN_CAB_XOKA_GD_ZS,1984,-1.61419,PT_GDP
WB_WDI_BN_CAB_XOKA_GD_ZS,1985,0.443172,PT_GDP
WB_WDI_BN_CAB_XOKA_GD_ZS,1986,-3.80041,PT_GDP
WB_WDI_BN_CAB_XOKA_GD_ZS,1987,-8.511751,PT_GDP
WB_WDI_BN_CAB_XOKA_GD_ZS,1988,-5.209977,PT_GDP
WB_WDI_BN_CAB_XOKA_GD_ZS,1989,-5.147283,PT_GDP
WB_WDI_BN_CAB_XOKA_GD_ZS,1990,-2.362317,PT_GDP
WB_WDI_BN_CAB_XOKA_GD_ZS,1991,-4.167516,PT_GDP
WB_WDI_BN_CAB_XOKA_GD_ZS,1992,-0.674248,PT_GDP
WB_WDI_BN_CAB_XOKA_GD_ZS,1993,-4.482299,PT_GDP
WB_WDI_BN_CAB_XOKA_GD_ZS,1994,-3.955845,PT_GDP
WB_WDI_BN_CAB_XOKA_GD_ZS,1995,-4.092886,PT_GDP
WB_WDI_BN_CAB_XOKA_GD_ZS,1996,-0.217391,PT_GDP
WB_WDI_BN_CAB_XOKA_GD_ZS,1997,-1.62197,PT_GDP
WB_WDI_BN_CAB_XOKA_GD_ZS,1998,-7.499492,PT_GDP
WB_WDI_BN_CAB_XOKA_GD_ZS,1999,4.673491,PT_GDP
WB_WDI_BN_CAB_XOKA_GD_ZS,2000,6.343554,PT_GDP
WB_WDI_BN_CAB_XOKA_GD_ZS,2001,-2.383251,PT_GDP
WB_WDI_BN_CAB_XOKA_GD_ZS,2002,-4.505862,PT_GDP
WB_WDI_BN_CAB_XOKA_GD_ZS,2003,-1.249204,PT_GDP
WB_WDI_BN_CAB_XOKA_GD_ZS,2004,-1.362192,PT_GDP
WB_WDI_BN_CAB_XOKA_GD_ZS,2005,1.176611,PT_GDP
WB_WDI_BN_CAB_XOKA_GD_ZS,2006,3.80805,PT_GDP
WB_WDI_BN_CAB_XOKA_GD_ZS,2007,3.784427,PT_GDP
WB_WDI_BN_CAB_XOKA_GD_ZS,2008,2.894053,PT_GDP
WB_WDI_BN_CAB_XOKA_GD_ZS,2009,0.520924,PT_GDP
WB_WDI_BN_CAB_XOKA_GD_ZS,2010,-2.321726,PT_GDP
WB_WDI_BN_CAB_XOKA_GD_ZS,2011,-0.506587,PT_GDP
WB_WDI_BN_CAB_XOKA_GD_ZS,2012,-0.16691,PT_GDP
WB_WDI_BN_CAB_XOKA_GD_ZS,2013,-0.966038,PT_GDP
WB_WDI_BN_CAB_XOKA_GD_ZS,2014,-0.651048,PT_GDP
WB_WDI_BN_CAB_XOKA_GD_ZS,2015,-2.284844,PT_GDP
WB_WDI_BN_CAB_XOKA_GD_ZS,2016,0.912554,PT_GDP
WB_WDI_BN_CAB_XOKA_GD_ZS,2017,-0.387243,PT_GDP
WB_WDI_BN_CAB_XOKA_GD_ZS,2018,-1.533165,PT_GDP
WB_WDI_BN_CAB_XOKA_GD_ZS,2019,-0.506461,PT_GDP
WB_WDI_BN_CAB_XOKA_GD_ZS,2020,2.09334,PT_GDP
WB_WDI_BN_CAB_XOKA_GD_ZS,2021,2.838943,PT_GDP
WB_WDI_BN_CAB_XOKA_GD_ZS,2022,1.953571,PT_GDP
WB_WDI_BN_CAB_XOKA_GD_ZS,2023,1.984823,PT_GDP
WB_WDI_BN_CAB_XOKA_GD_ZS,2024,5.650429,PT_GDP
WB_CCDFS_GGDY,2001,60.306,PT
WB_CCDFS_GGDY,2002,52.161,PT
WB_CCDFS_GGDY,2003,45.062,PT
WB_CCDFS_GGDY,2004,38.665,PT
WB_CCDFS_GGDY,2005,34.7,PT
WB_CCDFS_GGDY,2006,32.308,PT
WB_CCDFS_GGDY,2007,28.974,PT
WB_CCDFS_GGDY,2008,24.622,PT
WB_CCDFS_GGDY,2009,18.904,PT
WB_CCDFS_GGDY,2010,18.063,PT
WB_CCDFS_GGDY,2011,18.539,PT
WB_CCDFS_GGDY,2012,18.736,PT
WB_CCDFS_GGDY,2013,23.255,PT
WB_CCDFS_GGDY,2014,27.973,PT
WB_CCDFS_GGDY,2015,35.218,PT
WB_CCDFS_GGDY,2016,44.583,PT
WB_CCDFS_GGDY,2017,47.03,PT
WB_CCDFS_GGDY,2018,49.054,PT
WB_CCDFS_GGDY,2019,51.411,PT
WB_CCDFS_GGDY,2020,60.903,PT
WB_CCDFS_GGDY,2021,62.277,PT
WB_CCDFS_GGDY,2022,57.686,PT
WB_WDI_GC_XPN_INTP_RV_ZS,2013,2.593756,PT_REV
WB_WDI_GC_XPN_INTP_RV_ZS,2014,2.916811,PT_REV
WB_WDI_GC_XPN_INTP_RV_ZS,2015,3.803043,PT_REV
WB_WDI_GC_XPN_INTP_RV_ZS,2016,6.738277,PT_REV
WB_WDI_GC_XPN_INTP_RV_ZS,2017,6.448177,PT_REV
WB_WDI_GC_XPN_INTP_RV_ZS,2018,7.074128,PT_REV
WB_WDI_GC_XPN_INTP_RV_ZS,2019,8.385089,PT_REV
WB_WDI_GC_XPN_INTP_RV_ZS,2020,10.16895,PT_REV
WB_WDI_GC_XPN_INTP_RV_ZS,2021,3.940284,PT_REV
WB_WDI_GC_XPN_INTP_RV_ZS,2022,4.662799,PT_REV
WB_WDI_SI_POV_GINI,1987,50.5,0_TO_100
WB_WDI_SI_POV_GINI,1994,53.3,0_TO_100
WB_WDI_SI_POV_GINI,1995,50.8,0_TO_100
WB_WDI_SI_POV_GINI,1998,49.6,0_TO_100
WB_WDI_SI_POV_GINI,1999,58.6,0_TO_100
WB_WDI_SI_POV_GINI,2000,56.3,0_TO_100
WB_WDI_SI_POV_GINI,2003,53.5,0_TO_100
WB_WDI_SI_POV_GINI,2004,53.9,0_TO_100
WB_WDI_SI_POV_GINI,2005,53.1,0_TO_100
WB_WDI_SI_POV_GINI,2006,52.3,0_TO_100
WB_WDI_SI_POV_GINI,2007,53.4,0_TO_100
WB_WDI_SI_POV_GINI,2008,49.8,0_TO_100
WB_WDI_SI_POV_GINI,2009,48.5,0_TO_100
WB_WDI_SI_POV_GINI,2010,48.8,0_TO_100
WB_WDI_SI_POV_GINI,2011,45.9,0_TO_100
WB_WDI_SI_POV_GINI,2012,46.1,0_TO_100
WB_WDI_SI_POV_GINI,2013,46.9,0_TO_100
WB_WDI_SI_POV_GINI,2014,45,0_TO_100
WB_WDI_SI_POV_GINI,2015,46,0_TO_100
WB_WDI_SI_POV_GINI,2016,45,0_TO_100
WB_WDI_SI_POV_GINI,2017,44.7,0_TO_100
WB_WDI_SI_POV_GINI,2018,45.4,0_TO_100
WB_WDI_SI_POV_GINI,2019,45.7,0_TO_100
WB_WDI_SI_POV_GINI,2020,47.3,0_TO_100
WB_WDI_SI_POV_GINI,2021,45.8,0_TO_100
WB_WDI_SI_POV_GINI,2022,45.5,0_TO_100
WB_WDI_SI_POV_GINI,2023,44.6,0_TO_100
WB_WDI_SI_POV_GINI,2024,45.2,0_TO_100
WB_WDI_SI_POV_GINI,2025,45.9,0_TO_100
WB_WDI_SI_POV_DDAY,1987,21.6,PT_POP
WB_WDI_SI_POV_DDAY,1994,21.5,PT_POP
WB_WDI_SI_POV_DDAY,1995,18.1,PT_POP
WB_WDI_SI_POV_DDAY,1998,21.1,PT_POP
WB_WDI_SI_POV_DDAY,1999,26.9,PT_POP
WB_WDI_SI_POV_DDAY,2000,34.1,PT_POP
WB_WDI_SI_POV_DDAY,2003,18.9,PT_POP
WB_WDI_SI_POV_DDAY,2004,19.4,PT_POP
WB_WDI_SI_POV_DDAY,2005,15.4,PT_POP
WB_WDI_SI_POV_DDAY,2006,10.9,PT_POP
WB_WDI_SI_POV_DDAY,2007,10.9,PT_POP
WB_WDI_SI_POV_DDAY,2008,9.8,PT_POP
WB_WDI_SI_POV_DDAY,2009,9.3,PT_POP
WB_WDI_SI_POV_DDAY,2010,7.8,PT_POP
WB_WDI_SI_POV_DDAY,2011,6.4,PT_POP
WB_WDI_SI_POV_DDAY,2012,6,PT_POP
WB_WDI_SI_POV_DDAY,2013,4.5,PT_POP
WB_WDI_SI_POV_DDAY,2014,4,PT_POP
WB_WDI_SI_POV_DDAY,2015,4.8,PT_POP
WB_WDI_SI_POV_DDAY,2016,5,PT_POP
WB_WDI_SI_POV_DDAY,2017,4.3,PT_POP
WB_WDI_SI_POV_DDAY,2018,4.7,PT_POP
WB_WDI_SI_POV_DDAY,2019,4.6,PT_POP
WB_WDI_SI_POV_DDAY,2020,8.4,PT_POP
WB_WDI_SI_POV_DDAY,2021,5.3,PT_POP
WB_WDI_SI_POV_DDAY,2022,4.4,PT_POP
WB_WDI_SI_POV_DDAY,2023,4.7,PT_POP
WB_WDI_SI_POV_DDAY,2024,7.3,PT_POP
WB_WDI_SI_POV_DDAY,2025,3.4,PT_POP
WB_WDI_SE_SEC_ENRR,2000,55.961269,PT
WB_WDI_SE_SEC_ENRR,2001,56.287022,PT
WB_WDI_SE_SEC_ENRR,2002,57.24361,PT
WB_WDI_SE_SEC_ENRR,2003,56.81657,PT
WB_WDI_SE_SEC_ENRR,2004,57.409611,PT
WB_WDI_SE_SEC_ENRR,2005,59.871601,PT
WB_WDI_SE_SEC_ENRR,2006,61.953152,PT
WB_WDI_SE_SEC_ENRR,2007,63.447189,PT
WB_WDI_SE_SEC_ENRR,2009,85.971039,PT
WB_WDI_SE_SEC_ENRR,2010,91.558388,PT
WB_WDI_SE_SEC_ENRR,2011,95.69297,PT
WB_WDI_SE_SEC_ENRR,2012,98.554802,PT
WB_WDI_SE_SEC_ENRR,2013,100.65921,PT
WB_WDI_SE_SEC_ENRR,2014,102.59034,PT
WB_WDI_SE_SEC_ENRR,2015,100.791786,PT
WB_WDI_SE_SEC_ENRR,2016,98.080376,PT
WB_WDI_SE_SEC_ENRR,2017,96.163765,PT
WB_WDI_SE_SEC_ENRR,2018,94.97481,PT
WB_WDI_SE_SEC_ENRR,2019,93.837164,PT
WB_WDI_SE_SEC_ENRR,2020,93.984949,PT
WB_WDI_SE_SEC_ENRR,2021,94.589928,PT
WB_WDI_SE_SEC_ENRR,2022,94.133531,PT
WB_WDI_SE_SEC_ENRR,2023,92.811803,PT
WB_WDI_SH_STA_MMRT,1985,188,DT_10P5BR_L
WB_WDI_SH_STA_MMRT,1986,181,DT_10P5BR_L
WB_WDI_SH_STA_MMRT,1987,131,DT_10P5BR_L
WB_WDI_SH_STA_MMRT,1988,166,DT_10P5BR_L
WB_WDI_SH_STA_MMRT,1989,166,DT_10P5BR_L
WB_WDI_SH_STA_MMRT,1990,168,DT_10P5BR_L
WB_WDI_SH_STA_MMRT,1991,177,DT_10P5BR_L
WB_WDI_SH_STA_MMRT,1992,172,DT_10P5BR_L
WB_WDI_SH_STA_MMRT,1993,168,DT_10P5BR_L
WB_WDI_SH_STA_MMRT,1994,155,DT_10P5BR_L
WB_WDI_SH_STA_MMRT,1995,146,DT_10P5BR_L
WB_WDI_SH_STA_MMRT,1996,138,DT_10P5BR_L
WB_WDI_SH_STA_MMRT,1997,135,DT_10P5BR_L
WB_WDI_SH_STA_MMRT,1998,131,DT_10P5BR_L
WB_WDI_SH_STA_MMRT,1999,128,DT_10P5BR_L
WB_WDI_SH_STA_MMRT,2000,123,DT_10P5BR_L
WB_WDI_SH_STA_MMRT,2001,116,DT_10P5BR_L
WB_WDI_SH_STA_MMRT,2002,109,DT_10P5BR_L
WB_WDI_SH_STA_MMRT,2003,102,DT_10P5BR_L
WB_WDI_SH_STA_MMRT,2004,97,DT_10P5BR_L
WB_WDI_SH_STA_MMRT,2005,94,DT_10P5BR_L
WB_WDI_SH_STA_MMRT,2006,90,DT_10P5BR_L
WB_WDI_SH_STA_MMRT,2007,86,DT_10P5BR_L
WB_WDI_SH_STA_MMRT,2008,83,DT_10P5BR_L
WB_WDI_SH_STA_MMRT,2009,82,DT_10P5BR_L
WB_WDI_SH_STA_MMRT,2010,80,DT_10P5BR_L
WB_WDI_SH_STA_MMRT,2011,77,DT_10P5BR_L
WB_WDI_SH_STA_MMRT,2012,72,DT_10P5BR_L
WB_WDI_SH_STA_MMRT,2013,68,DT_10P5BR_L
WB_WDI_SH_STA_MMRT,2014,65,DT_10P5BR_L
WB_WDI_SH_STA_MMRT,2015,64,DT_10P5BR_L
WB_WDI_SH_STA_MMRT,2016,65,DT_10P5BR_L
WB_WDI_SH_STA_MMRT,2017,62,DT_10P5BR_L
WB_WDI_SH_STA_MMRT,2018,61,DT_10P5BR_L
WB_WDI_SH_STA_MMRT,2019,62,DT_10P5BR_L
WB_WDI_SH_STA_MMRT,2020,91,DT_10P5BR_L
WB_WDI_SH_STA_MMRT,2021,93,DT_10P5BR_L
WB_WDI_SH_STA_MMRT,2022,69,DT_10P5BR_L
WB_WDI_SH_STA_MMRT,2023,55,DT_10P5BR_L
WB_WDI_SH_DYN_MORT,1960,176.1,DT_10P3BR_L
WB_WDI_SH_DYN_MORT,1961,170.6,DT_10P3BR_L
WB_WDI_SH_DYN_MORT,1962,165.5,DT_10P3BR_L
WB_WDI_SH_DYN_MORT,1963,160.7,DT_10P3BR_L
WB_WDI_SH_DYN_MORT,1964,156.3,DT_10P3BR_L
WB_WDI_SH_DYN_MORT,1965,152.2,DT_10P3BR_L
WB_WDI_SH_DYN_MORT,1966,148.6,DT_10P3BR_L
WB_WDI_SH_DYN_MORT,1967,145.4,DT_10P3BR_L
WB_WDI_SH_DYN_MORT,1968,142.5,DT_10P3BR_L
WB_WDI_SH_DYN_MORT,1969,139.6,DT_10P3BR_L
WB_WDI_SH_DYN_MORT,1970,136.5,DT_10P3BR_L
WB_WDI_SH_DYN_MORT,1971,133.1,DT_10P3BR_L
WB_WDI_SH_DYN_MORT,1972,129.2,DT_10P3BR_L
WB_WDI_SH_DYN_MORT,1973,124.6,DT_10P3BR_L
WB_WDI_SH_DYN_MORT,1974,119.7,DT_10P3BR_L
WB_WDI_SH_DYN_MORT,1975,114.5,DT_10P3BR_L
WB_WDI_SH_DYN_MORT,1976,109.4,DT_10P3BR_L
WB_WDI_SH_DYN_MORT,1977,104.4,DT_10P3BR_L
WB_WDI_SH_DYN_MORT,1978,99.8,DT_10P3BR_L
WB_WDI_SH_DYN_MORT,1979,95.4,DT_10P3BR_L
WB_WDI_SH_DYN_MORT,1980,90.9,DT_10P3BR_L
WB_WDI_SH_DYN_MORT,1981,86.5,DT_10P3BR_L
WB_WDI_SH_DYN_MORT,1982,82.1,DT_10P3BR_L
WB_WDI_SH_DYN_MORT,1983,77.7,DT_10P3BR_L
WB_WDI_SH_DYN_MORT,1984,73.4,DT_10P3BR_L
WB_WDI_SH_DYN_MORT,1985,69.4,DT_10P3BR_L
WB_WDI_SH_DYN_MORT,1986,65.7,DT_10P3BR_L
WB_WDI_SH_DYN_MORT,1987,62.4,DT_10P3BR_L
WB_WDI_SH_DYN_MORT,1988,59.3,DT_10P3BR_L
WB_WDI_SH_DYN_MORT,1989,56.5,DT_10P3BR_L
WB_WDI_SH_DYN_MORT,1990,53.7,DT_10P3BR_L
WB_WDI_SH_DYN_MORT,1991,51.1,DT_10P3BR_L
WB_WDI_SH_DYN_MORT,1992,48.4,DT_10P3BR_L
WB_WDI_SH_DYN_MORT,1993,45.8,DT_10P3BR_L
WB_WDI_SH_DYN_MORT,1994,43.2,DT_10P3BR_L
WB_WDI_SH_DYN_MORT,1995,40.5,DT_10P3BR_L
WB_WDI_SH_DYN_MORT,1996,38,DT_10P3BR_L
WB_WDI_SH_DYN_MORT,1997,35.6,DT_10P3BR_L
WB_WDI_SH_DYN_MORT,1998,33.3,DT_10P3BR_L
WB_WDI_SH_DYN_MORT,1999,31.3,DT_10P3BR_L
WB_WDI_SH_DYN_MORT,2000,29.6,DT_10P3BR_L
WB_WDI_SH_DYN_MORT,2001,28,DT_10P3BR_L
WB_WDI_SH_DYN_MORT,2002,26.6,DT_10P3BR_L
WB_WDI_SH_DYN_MORT,2003,25.5,DT_10P3BR_L
WB_WDI_SH_DYN_MORT,2004,24.5,DT_10P3BR_L
WB_WDI_SH_DYN_MORT,2005,23.6,DT_10P3BR_L
WB_WDI_SH_DYN_MORT,2006,22.7,DT_10P3BR_L
WB_WDI_SH_DYN_MORT,2007,21.8,DT_10P3BR_L
WB_WDI_SH_DYN_MORT,2008,20.9,DT_10P3BR_L
WB_WDI_SH_DYN_MORT,2009,20,DT_10P3BR_L
WB_WDI_SH_DYN_MORT,2010,19.1,DT_10P3BR_L
WB_WDI_SH_DYN_MORT,2011,18.2,DT_10P3BR_L
WB_WDI_SH_DYN_MORT,2012,17.4,DT_10P3BR_L
WB_WDI_SH_DYN_MORT,2013,16.6,DT_10P3BR_L
WB_WDI_SH_DYN_MORT,2014,15.9,DT_10P3BR_L
WB_WDI_SH_DYN_MORT,2015,15.3,DT_10P3BR_L
WB_WDI_SH_DYN_MORT,2016,14.8,DT_10P3BR_L
WB_WDI_SH_DYN_MORT,2017,14.4,DT_10P3BR_L
WB_WDI_SH_DYN_MORT,2018,14.1,DT_10P3BR_L
WB_WDI_SH_DYN_MORT,2019,13.8,DT_10P3BR_L
WB_WDI_SH_DYN_MORT,2020,13.6,DT_10P3BR_L
WB_WDI_SH_DYN_MORT,2021,13.4,DT_10P3BR_L
WB_WDI_SH_DYN_MORT,2022,13.2,DT_10P3BR_L
WB_WDI_SH_DYN_MORT,2023,13,DT_10P3BR_L
WB_WDI_SH_DYN_MORT,2024,12.9,DT_10P3BR_L
WB_WDI_SL_TLF_CACT_FE_ZS,1990,46.947,PT_W
WB_WDI_SL_TLF_CACT_FE_ZS,1991,47.264,PT_W
WB_WDI_SL_TLF_CACT_FE_ZS,1992,47.34,PT_W
WB_WDI_SL_TLF_CACT_FE_ZS,1993,47.419,PT_W
WB_WDI_SL_TLF_CACT_FE_ZS,1994,47.813,PT_W
WB_WDI_SL_TLF_CACT_FE_ZS,1995,47.974,PT_W
WB_WDI_SL_TLF_CACT_FE_ZS,1996,48.08,PT_W
WB_WDI_SL_TLF_CACT_FE_ZS,1997,48.535,PT_W
WB_WDI_SL_TLF_CACT_FE_ZS,1998,51.694,PT_W
WB_WDI_SL_TLF_CACT_FE_ZS,1999,48.8,PT_W
WB_WDI_SL_TLF_CACT_FE_ZS,2000,45.876,PT_W
WB_WDI_SL_TLF_CACT_FE_ZS,2001,46.976,PT_W
WB_WDI_SL_TLF_CACT_FE_ZS,2002,48.074,PT_W
WB_WDI_SL_TLF_CACT_FE_ZS,2003,49.17,PT_W
WB_WDI_SL_TLF_CACT_FE_ZS,2004,52.726,PT_W
WB_WDI_SL_TLF_CACT_FE_ZS,2005,51.916,PT_W
WB_WDI_SL_TLF_CACT_FE_ZS,2006,52.7,PT_W
WB_WDI_SL_TLF_CACT_FE_ZS,2007,51.955,PT_W
WB_WDI_SL_TLF_CACT_FE_ZS,2008,52.022,PT_W
WB_WDI_SL_TLF_CACT_FE_ZS,2009,49.664,PT_W
WB_WDI_SL_TLF_CACT_FE_ZS,2010,48.011,PT_W
WB_WDI_SL_TLF_CACT_FE_ZS,2011,47.065,PT_W
WB_WDI_SL_TLF_CACT_FE_ZS,2012,48.081,PT_W
WB_WDI_SL_TLF_CACT_FE_ZS,2013,48.131,PT_W
WB_WDI_SL_TLF_CACT_FE_ZS,2014,47.689,PT_W
WB_WDI_SL_TLF_CACT_FE_ZS,2015,51.905,PT_W
WB_WDI_SL_TLF_CACT_FE_ZS,2016,55.406,PT_W
WB_WDI_SL_TLF_CACT_FE_ZS,2017,56.173,PT_W
WB_WDI_SL_TLF_CACT_FE_ZS,2018,54.481,PT_W
WB_WDI_SL_TLF_CACT_FE_ZS,2019,54.402,PT_W
WB_WDI_SL_TLF_CACT_FE_ZS,2020,48.241,PT_W
WB_WDI_SL_TLF_CACT_FE_ZS,2021,53.63,PT_W
WB_WDI_SL_TLF_CACT_FE_ZS,2022,54.244,PT_W
WB_WDI_SL_TLF_CACT_FE_ZS,2023,52.521,PT_W
WB_WDI_SL_TLF_CACT_FE_ZS,2024,52.394,PT_W
WB_WDI_SL_TLF_CACT_FE_ZS,2025,52.386,PT_W
WB_WDI_SL_UEM_TOTL_ZS,1991,4.371,PT_LF
WB_WDI_SL_UEM_TOTL_ZS,1992,4.333,PT_LF
WB_WDI_SL_UEM_TOTL_ZS,1993,4.403,PT_LF
WB_WDI_SL_UEM_TOTL_ZS,1994,4.409,PT_LF
WB_WDI_SL_UEM_TOTL_ZS,1995,4.408,PT_LF
WB_WDI_SL_UEM_TOTL_ZS,1996,4.422,PT_LF
WB_WDI_SL_UEM_TOTL_ZS,1997,4.424,PT_LF
WB_WDI_SL_UEM_TOTL_ZS,1998,4.389,PT_LF
WB_WDI_SL_UEM_TOTL_ZS,1999,4.656,PT_LF
WB_WDI_SL_UEM_TOTL_ZS,2000,4.8,PT_LF
WB_WDI_SL_UEM_TOTL_ZS,2001,4.252,PT_LF
WB_WDI_SL_UEM_TOTL_ZS,2002,4.825,PT_LF
WB_WDI_SL_UEM_TOTL_ZS,2003,5.662,PT_LF
WB_WDI_SL_UEM_TOTL_ZS,2004,5.002,PT_LF
WB_WDI_SL_UEM_TOTL_ZS,2005,3.779,PT_LF
WB_WDI_SL_UEM_TOTL_ZS,2006,3.55,PT_LF
WB_WDI_SL_UEM_TOTL_ZS,2007,3.142,PT_LF
WB_WDI_SL_UEM_TOTL_ZS,2008,3.917,PT_LF
WB_WDI_SL_UEM_TOTL_ZS,2009,4.608,PT_LF
WB_WDI_SL_UEM_TOTL_ZS,2010,4.088,PT_LF
WB_WDI_SL_UEM_TOTL_ZS,2011,3.458,PT_LF
WB_WDI_SL_UEM_TOTL_ZS,2012,3.235,PT_LF
WB_WDI_SL_UEM_TOTL_ZS,2013,3.083,PT_LF
WB_WDI_SL_UEM_TOTL_ZS,2014,3.48,PT_LF
WB_WDI_SL_UEM_TOTL_ZS,2015,3.616,PT_LF
WB_WDI_SL_UEM_TOTL_ZS,2016,4.597,PT_LF
WB_WDI_SL_UEM_TOTL_ZS,2017,3.836,PT_LF
WB_WDI_SL_UEM_TOTL_ZS,2018,3.53,PT_LF
WB_WDI_SL_UEM_TOTL_ZS,2019,3.812,PT_LF
WB_WDI_SL_UEM_TOTL_ZS,2020,6.116,PT_LF
WB_WDI_SL_UEM_TOTL_ZS,2021,4.504,PT_LF
WB_WDI_SL_UEM_TOTL_ZS,2022,3.713,PT_LF
WB_WDI_SL_UEM_TOTL_ZS,2023,3.51,PT_LF
WB_WDI_SL_UEM_TOTL_ZS,2024,3.453,PT_LF
WB_WDI_SL_UEM_TOTL_ZS,2025,3.308,PT_LF
GOV_WGI_GE,1996,-0.83122,U
GOV_WGI_GE,1998,-0.537937,U
GOV_WGI_GE,2000,-1.066418,U
GOV_WGI_GE,2002,-1.078758,U
GOV_WGI_GE,2003,-1.038527,U
GOV_WGI_GE,2004,-0.911567,U
GOV_WGI_GE,2005,-0.926587,U
GOV_WGI_GE,2006,-0.902354,U
GOV_WGI_GE,2007,-0.83636,U
GOV_WGI_GE,2008,-0.759748,U
GOV_WGI_GE,2009,-0.478312,U
GOV_WGI_GE,2010,-0.483877,U
GOV_WGI_GE,2011,-0.301058,U
GOV_WGI_GE,2012,-0.292019,U
GOV_WGI_GE,2013,-0.185913,U
GOV_WGI_GE,2014,-0.107604,U
GOV_WGI_GE,2015,-0.193813,U
GOV_WGI_GE,2016,-0.153198,U
GOV_WGI_GE,2017,-0.142592,U
GOV_WGI_GE,2018,-0.213034,U
GOV_WGI_GE,2019,-0.195296,U
GOV_WGI_GE,2020,-0.343507,U
GOV_WGI_GE,2021,-0.110747,U
GOV_WGI_GE,2022,0.001625,U
GOV_WGI_GE,2023,-0.162534,U
GOV_WGI_GE,2024,-0.219613,U
GOV_WGI_CC,1996,-0.532577,U
GOV_WGI_CC,1998,-0.715686,U
GOV_WGI_CC,2000,-0.756352,U
GOV_WGI_CC,2002,-0.803993,U
GOV_WGI_CC,2003,-0.670435,U
GOV_WGI_CC,2004,-0.776023,U
GOV_WGI_CC,2005,-0.83973,U
GOV_WGI_CC,2006,-0.815113,U
GOV_WGI_CC,2007,-0.788617,U
GOV_WGI_CC,2008,-0.716223,U
GOV_WGI_CC,2009,-0.703735,U
GOV_WGI_CC,2010,-0.711729,U
GOV_WGI_CC,2011,-0.66963,U
GOV_WGI_CC,2012,-0.613671,U
GOV_WGI_CC,2013,-0.584111,U
GOV_WGI_CC,2014,-0.755222,U
GOV_WGI_CC,2015,-0.722848,U
GOV_WGI_CC,2016,-0.766105,U
GOV_WGI_CC,2017,-0.775723,U
GOV_WGI_CC,2018,-0.618424,U
GOV_WGI_CC,2019,-0.527363,U
GOV_WGI_CC,2020,-0.518386,U
GOV_WGI_CC,2021,-0.632697,U
GOV_WGI_CC,2022,-0.655353,U
GOV_WGI_CC,2023,-0.719996,U
GOV_WGI_CC,2024,-0.77568,U
